model,total_files,successes,failures,success_rate_pct
claude-opus,2161,1458,703,67.46876446089773
claude-sonnet,2161,1396,765,64.59972235076353
deepseek,2161,783,1378,36.233225358630264
gemini,2161,1188,973,54.974548819990744
gemini-flash,2161,826,1335,38.22304488662656
glm,2161,907,1254,41.971309578898655
gpt,2161,1429,732,66.12679315131884
gpt-mini,2161,1445,716,66.86719111522443
grok-code,2161,1146,1015,53.03100416473855
TOTAL,2161,1777,384,82.2,
