model,total_files,successes,failures,success_rate_pct
claude-opus,1677,1169,508,69.70781156827668
claude-sonnet,1615,1054,561,65.26315789473684
deepseek,1677,550,1127,32.79666070363745
gemini,1677,845,832,50.3875968992248
gemini-flash,1677,592,1085,35.30113297555158
glm,1511,588,923,38.914626075446726
gpt,1511,995,516,65.8504301786896
gpt-mini,1677,1160,517,69.1711389385808
grok-code,1511,795,716,52.614162806088686
TOTAL,1721,1396,325,81.1,
